"Program","Project","BuildTime(ms)"
"Eclipse","Cake","57229"
"Eclipse","Cake","59059"
"Eclipse","Cake","60528"
"Eclipse","Cake","66180"
"Eclipse","Cake","68035"
"Eclipse","Cake","56773"
"Eclipse","Cake","59998"
"Eclipse","Cake","64940"
"Eclipse","Cake","56076"
"Eclipse","Cake","46431"
"Eclipse","Cake","46431"
"Eclipse","Cake","57229"
"Eclipse","Cake","66180"
"Eclipse","Cake","64940"
"Eclipse","Cake","60528"
"Eclipse","Cake","56076"
"Eclipse","Cake","57229"
"Eclipse","Cake","46431"
"Eclipse","Cake","59059"
"Eclipse","Cake","59998"
"Eclipse","Cake","59998"
"Eclipse","Cake","56773"
"Eclipse","Cake","60528"
"Eclipse","Cake","66180"
"Eclipse","Cake","64940"
"Eclipse","Cake","56076"
"Eclipse","Cake","59059"
"Eclipse","Cake","56773"
"Eclipse","Cake","68035"
"Eclipse","Cake","68035"
"VisualStudio","Cake","33430"
"VisualStudio","Cake","44820"
"VisualStudio","Cake","50800"
"VisualStudio","Cake","39580"
"VisualStudio","Cake","37810"
"VisualStudio","Cake","30430"
"VisualStudio","Cake","57170"
"VisualStudio","Cake","56610"
"VisualStudio","Cake","55930"
"VisualStudio","Cake","58160"
"VisualStudio","Cake","39580"
"VisualStudio","Cake","30430"
"VisualStudio","Cake","37810"
"VisualStudio","Cake","58160"
"VisualStudio","Cake","33430"
"VisualStudio","Cake","50800"
"VisualStudio","Cake","55930"
"VisualStudio","Cake","55930"
"VisualStudio","Cake","33430"
"VisualStudio","Cake","39580"
"VisualStudio","Cake","30430"
"VisualStudio","Cake","57170"
"VisualStudio","Cake","37810"
"VisualStudio","Cake","44820"
"VisualStudio","Cake","56610"
"VisualStudio","Cake","44820"
"VisualStudio","Cake","58160"
"VisualStudio","Cake","56610"
"VisualStudio","Cake","50800"
"VisualStudio","Cake","57170"
"VSCode","Cake","19810"
"VSCode","Cake","21460"
"VSCode","Cake","22420"
"VSCode","Cake","22170"
"VSCode","Cake","24140"
"VSCode","Cake","22580"
"VSCode","Cake","21750"
"VSCode","Cake","21830"
"VSCode","Cake","22450"
"VSCode","Cake","24240"
"VSCode","Cake","22420"
"VSCode","Cake","24240"
"VSCode","Cake","21460"
"VSCode","Cake","21750"
"VSCode","Cake","21460"
"VSCode","Cake","22170"
"VSCode","Cake","22580"
"VSCode","Cake","21750"
"VSCode","Cake","22450"
"VSCode","Cake","24140"
"VSCode","Cake","19810"
"VSCode","Cake","19810"
"VSCode","Cake","22450"
"VSCode","Cake","22170"
"VSCode","Cake","22580"
"VSCode","Cake","24140"
"VSCode","Cake","21830"
"VSCode","Cake","22420"
"VSCode","Cake","21830"
"VSCode","Cake","24240"
